Neighborhoods,Community District,2010 Construction,2016 Construction,% Change Construction,2010 Manufacturing,2016 Manufacturing,% Change Manufacturing,2010 Wholesale Trade,2016 Wholesale Trade,% Change Wholesale Trade,2010 Retail Trade,2016 Retail Trade,% Change Retail Trade,2010 Supermarkets,2016 Supermarkets,% Change Supermarkets,"2010 Transportation, Warehousing","2016 Transportation, Warehousing","% Change Transportation, Warehousing",2010 Information,2016 Information,% Change Information,"2010 Finance, Insurance","2016 Finance, Insurance","% Change Finance, Insurance",2010 Retail Banks,2016 Retail Banks,% Change Retail Banks,"2010 Real Estate, Rental, Leasing","2016 Real Estate, Rental, Leasing","% Change Real Estate, Rental, Leasing","2010 Professional, Scientific, Technical","2016 Professional, Scientific, Technical","% Change Professional, Scientific, Technical",2010 Legal and Accounting,2016 Legal and Accounting,% Change Legal and Accounting,2010 Architecture and Design,2016 Architecture and Design,% Change Architecture and Design,2010 Computer Systems Design,2016 Computer Systems Design,% Change Computer Systems Design,"2010 Administrative, Waste Management","2016 Administrative, Waste Management","% Change Administrative, Waste Management",2010 Educational,2016 Educational,% Change Educational,"2010 Health Care, Social Assistance","2016 Health Care, Social Assistance","% Change Health Care, Social Assistance","2010 Arts, Entertainment, Recreation","2016 Arts, Entertainment, Recreation","% Change Arts, Entertainment, Recreation",2010 Performing Arts Companies,2016 Performing Arts Companies,% Change Performing Arts Companies,"2010 Accommodation, Food","2016 Accommodation, Food","% Change Accommodation, Food",2010 Hotels and Motels,2016 Hotels and Motels,% Change Hotels and Motels,2010 Food Services and Drinking Places,2016 Food Services and Drinking Places,% Change Food Services and Drinking Places,2010 Total Number of Businesses,2016 Total Number of Businesses,% Change Number of Businesses,Direction Number of Businesses,2010 Bachelor's Degree or Higher,2016 Bachelor's Degree or Higher,% Change Bachelor's Degree or Higher,2010 Associates Degree,,2016 Associates Degree,% Change Associates Degree,2010 Percentage of Population with Bachelor's or Higher,2016 Percentage of Population with Bachelor's or Higher,% Change Percentage of Population with Bachelor's or Higher,2010 Tax lots devoted to Mixed-Use Residential/Commercial,2018 Tax lots devoted to Mixed-Use Residential/Commercial,% Change Tax lots devoted to Mixed-Use Residential/Commercial,2010 Tax lots devoted to Office Buildings,2018 Tax lots devoted to Office Buildings,% Change Tax lots devoted to Office Buildings,2010 Tax lots devoted to Standalone Retail,2018 Tax lots devoted to Standalone Retail,% Change Tax lots devoted to Standalone Retail,2010 Work Inside NYC,2016 Work Inside NYC,% Change Work Inside NYC,2010 Work Inside Home Borough,2016 Work Inside Home Borough,% Change Work Inside Home Borough,2010 Percentage of Employed Working Inside NYC,2016 Percentage of Employed Working Inside NYC,% Change Percentage of Employed Working Inside NYC,2010 Percentage of Employed Working Inside Home Borough,2016 Percentage of Employed Working Inside Home Borough,% Change Percentage of Employed Working Inside Home Borough,2010 Commute Time,2016 Commute Time,% Change Commute Time,2010 Commute via Public Transit,2016 Commute via Public Transit,% Change Commute via Public Transit,2010 Commute via Private Car or Taxi,2016 Commute via Private Car or Taxi,% Change Commute via Private Car or Taxi,2010 Commute via Walk or Bike,2016 Commute via Walk or Bike,% Change Commute via Walk or Bike,2010 Work at Home,2016 Work at Home,% Change Work at Home,2010 Employed,2016 Employed,% Change Employed,2010 Unemployed,2016 Unemployed,% Change Unemployed,"2010 Out of School, Work","2016 Out of School, Work","% Change Out of School, Work",2010 Unemployment Rate,2016 Unemployment Rate,% Change Unemployment Rate,Unemployment Direction,"2010 Percentage Out of School, Work","2016 Percentage Out of School, Work","Percentage Change Out of School, Work","2010 Individual Income $25,000 or less","2016 Individual Income $25,000 or less","% Change Individual Income $25,000 or less","2010 Individual Income $25,001 - $50,000","2016 Individual Income $25,001 - $50,000","% Change Individual Income $25,001 - $50,000","2010 Individual Income $50,001 - $75,000","2016 Individual Income $50,001 - $75,000","% Change Individual Income $50,001 - $75,000","2010 Individual Income $75,001+","2016 Individual Income $75,001+","% Change Individual Income $75,001+",2016 Median Household Income Neighborhood Rank,2016 Median Household Income,2010 Total Population,2016 Total Population,% Change Total Population,2010 Youth,2016 Youth,% Change Youth,2010 Working Age Population,2016 Working Age Population,% Change Working Age Population,2010 Seniors,2016 Seniors,% Change Seniors,2010 Born inside the United States,2016 Born inside the United States,% Change Born inside the United States,2010 Born outside of the United States,2016 Born outside of the United States,% Change Born outside of the United States,2010 White,2016 White,% Change White,2010 Black,2016 Black,% Change Black,2010 Hispanic,2016 Hispanic,% Change Hispanic,2010 Asian,2016 Asian,% Change Asian
"Hunts Point, Longwood & Melrose",BX01 & BX02,191,211,10%,151,147,-3%,364,355,-2%,750,786,5%,14,26,86%,119,146,23%,26,35,35%,66,81,23%,21,26,24%,359,362,1%,120,132,10%,82,90,10%,11,9,-18%,5,7,40%,98,110,12%,48,58,21%,301,402,34%,19,25,32%,2,3,50%,294,320,9%,1,6,500%,282,304,8%,"3,270","3,536",8%,up,"7,557","9,174",21%,"4,601",,"5,340",16%,9%,10%,--,605,704,16%,89,90,1%,348,279,-20%,"41,778","47,377",13%,"21,073","20,842",-1%,91%,92%,--,46%,40%,--,40.3,43.2,7%,"29,795","34,546",16%,"8,526","8,145",-4%,"4,274","5,210",22%,"1,614","1,713",6%,"45,831","51,551",12%,"7,819","6,659",-15%,"8,577","7,330",-15%,14.6%,11.4%,--,down,42%,36%,--,"70,850","73,621",4%,"16,356","18,330",12%,"3,863","4,662",21%,"2,555","2,343",-8%,55,"$23,131","152,745","161,321",6%,"48,710","50,205",3%,"93,624","98,956",6%,"10,411","12,160",17%,"90,266","98,713",9%,"62,479","62,608",0%,"2,728","2,570",-6%,"42,425","45,470",7%,"104,931","110,055",5%,"1,063","1,447",36%
"Belmont, Crotona Park East & East Tremont",BX03 & BX06,58,68,17%,19,17,-11%,37,39,5%,298,366,23%,15,18,20%,26,23,-12%,11,12,9%,20,25,25%,2,3,50%,184,193,5%,18,31,72%,16,21,31%,0,2,N/A,0,0,N/A,17,24,41%,15,19,27%,134,176,31%,5,5,0%,0,0,N/A,106,116,9%,2,2,0%,101,112,11%,"1,083","1,271",17%,up,"7,307","12,056",65%,"4,637",,"6,323",36%,9%,12%,--,651,726,12%,43,49,14%,308,260,-16%,"42,579","51,711",21%,"22,752","26,836",18%,89%,89%,--,48%,46%,--,42.1,43.0,2%,"28,941","36,031",24%,"10,366","12,493",21%,"4,867","5,201",7%,"1,717","2,094",22%,"47,640","57,974",22%,"7,074","10,699",51%,"6,020","5,790",-4%,12.9%,15.6%,--,up,30%,25%,--,"61,982","76,220",23%,"18,319","19,120",4%,"5,043","6,781",34%,"1,987","2,474",25%,54,"$23,710","150,499","172,071",14%,"52,423","54,152",3%,"87,331","104,595",20%,"10,745","13,324",24%,"92,783","103,237",11%,"57,716","68,834",19%,"6,041","7,805",29%,"48,547","51,541",6%,"92,889","109,141",17%,"1,776","1,324",-25%
"Concourse, Highbridge & Mount Eden",BX04,24,31,29%,6,6,0%,16,10,-38%,193,234,21%,8,11,38%,12,15,25%,4,7,75%,17,18,6%,3,4,33%,113,109,-4%,13,22,69%,11,15,36%,0,1,N/A,1,2,N/A,10,15,50%,15,15,0%,76,100,32%,1,1,0%,0,0,N/A,76,88,16%,2,1,-50%,72,83,15%,687,786,14%,up,"8,326","12,452",50%,"4,493",,"5,793",29%,10%,15%,--,303,324,7%,16,19,19%,179,161,-10%,"45,263","47,370",5%,"18,635","20,289",9%,88%,90%,--,36%,39%,--,42.7,40.9,-4%,"33,153","35,244",6%,"10,330","9,263",-10%,"3,957","4,256",8%,"2,105","1,603",-24%,"51,679","52,369",1%,"7,179","7,327",2%,"3,691","4,249",15%,12.2%,12.3%,--,up,26%,26%,--,"56,369","61,376",9%,"19,196","17,826",-7%,"4,788","6,297",32%,"2,597","2,380",-8%,52,"$27,102","136,238","140,991",3%,"42,920","41,415",-4%,"82,950","87,879",6%,"10,368","11,697",13%,"70,802","72,295",2%,"65,436","68,696",5%,"1,891","2,328",23%,"45,526","43,801",-4%,"85,576","90,360",6%,"2,082","2,429",17%
"Morris Heights, Fordham South & Mount Hope",BX05,57,68,19%,16,19,19%,54,56,4%,364,430,18%,14,16,14%,23,29,26%,11,16,45%,29,45,55%,7,9,29%,243,248,2%,28,42,50%,19,26,37%,1,3,200%,1,4,300%,24,22,-8%,27,25,-7%,189,211,12%,2,3,50%,1,0,-100%,125,161,29%,2,3,50%,108,144,33%,"1,383","1,585",15%,up,"8,469","10,938",29%,"4,783",,"5,019",5%,11%,14%,--,248,270,9%,21,23,10%,194,187,-4%,"41,675","45,845",10%,"19,337","21,770",13%,84%,88%,--,39%,42%,--,41.8,41.5,-1%,"29,445","33,888",15%,"11,029","10,025",-9%,"4,078","4,045",-1%,"1,809","2,114",17%,"49,716","51,849",4%,"9,420","6,877",-27%,"5,199","4,310",-17%,15.9%,11.7%,--,down,30%,25%,--,"58,544","63,205",8%,"18,195","17,082",-6%,"5,306","4,634",-13%,"1,259","1,630",29%,53,"$24,436","134,984","136,989",1%,"44,951","41,245",-8%,"83,304","86,551",4%,"6,729","9,193",37%,"71,063","69,831",-2%,"63,921","67,158",5%,"1,508","1,685",12%,"39,528","37,473",-5%,"90,020","94,206",5%,"1,927","1,908",-1%
"Bedford Park, Fordham North & Norwood",BX07,110,155,41%,31,28,-10%,39,44,13%,754,823,9%,18,30,67%,26,35,35%,30,41,37%,82,91,11%,26,30,15%,541,525,-3%,88,90,2%,56,59,5%,6,5,-17%,6,5,-17%,73,66,-10%,44,48,9%,356,407,14%,23,20,-13%,3,2,-33%,325,351,8%,3,3,0%,309,333,8%,"2,860","3,069",7%,up,"11,658","12,880",10%,"5,261",,"4,364",-17%,16%,16%,--,294,344,17%,43,43,0%,221,183,-17%,"40,865","47,192",15%,"19,457","20,755",7%,85%,88%,--,41%,39%,--,41.7,44.6,7%,"29,473","36,253",23%,"9,834","8,564",-13%,"4,948","5,119",3%,"1,578","2,178",38%,"47,887","53,602",12%,"5,859","7,846",34%,"3,053","3,894",28%,10.9%,12.8%,--,up,22%,28%,--,"47,995","54,225",13%,"18,493","18,570",0%,"6,794","7,111",5%,"3,044","3,251",7%,49,"$32,732","123,221","130,042",6%,"37,402","36,022",-4%,"76,326","83,157",9%,"9,493","10,863",14%,"63,814","63,141",-1%,"59,407","66,901",13%,"9,169","8,580",-6%,"23,032","19,946",-13%,"80,858","90,547",12%,"7,378","7,995",8%
"Riverdale, Fieldston & Kingsbridge",BX08,64,71,11%,12,7,-42%,32,29,-9%,188,192,2%,6,9,50%,19,12,-37%,15,23,53%,44,48,9%,16,17,6%,228,287,26%,109,111,2%,37,37,0%,14,13,-7%,14,13,-7%,47,60,28%,36,42,17%,229,246,7%,23,28,22%,3,2,-33%,148,170,15%,2,2,0%,133,153,15%,"1,423","1,575",11%,up,"29,574","29,441",0%,"4,437",,"4,218",-5%,41%,39%,--,138,148,7%,34,35,3%,152,149,-2%,"38,550","40,052",4%,"15,058","15,013",0%,82%,84%,--,32%,32%,--,42.0,44.1,5%,"24,528","26,699",9%,"15,772","13,189",-16%,"3,275","3,909",19%,"1,288","1,894",47%,"47,120","47,619",1%,"5,005","4,385",-12%,"1,772","1,523",-14%,9.6%,8.4%,--,down,14%,14%,--,"32,400","33,974",5%,"14,266","13,506",-5%,"9,764","9,025",-8%,"11,519","11,678",1%,22,"$58,409","108,222","109,901",2%,"24,341","24,891",2%,"67,949","68,183",0%,"15,932","16,827",6%,"66,778","68,167",2%,"41,444","41,734",1%,"39,394","35,628",-10%,"13,427","13,643",2%,"47,346","52,398",11%,"5,696","5,882",3%
"Castle Hill, Clason Point & Parkchester",BX09,102,141,38%,27,20,-26%,52,68,31%,520,553,6%,18,22,22%,37,75,103%,29,41,41%,68,69,1%,24,23,-4%,181,181,0%,62,89,44%,45,61,36%,4,7,75%,3,3,0%,42,53,26%,35,36,3%,215,248,15%,11,13,18%,1,0,-100%,227,240,6%,0,0,N/A,222,233,5%,"1,860","2,093",13%,up,"17,446","17,518",0%,"7,843",,"9,239",18%,16%,14%,--,286,300,5%,35,35,0%,239,236,-1%,"63,045","65,734",4%,"27,773","30,304",9%,90%,89%,--,40%,41%,--,44.9,45.5,1%,"42,369","44,174",4%,"20,785","21,521",4%,"3,323","4,273",29%,"1,646","1,324",-20%,"70,127","73,710",5%,"6,777","11,627",72%,"5,501","5,648",3%,8.8%,13.6%,--,up,28%,27%,--,"62,003","74,863",21%,"30,470","27,049",-11%,"12,509","11,211",-10%,"6,079","6,783",12%,46,"$36,440","178,278","189,610",6%,"50,804","49,475",-3%,"111,061","119,906",8%,"16,413","20,229",23%,"106,348","110,258",4%,"71,930","79,352",10%,"5,638","5,304",-6%,"54,166","55,079",2%,"102,584","110,649",8%,"11,077","13,570",23%
"Co-op City, Pelham Bay & Schuylerville",BX10,228,236,4%,51,36,-29%,54,81,50%,335,431,29%,12,16,33%,49,49,0%,40,39,-3%,79,78,-1%,32,31,-3%,199,194,-3%,128,130,2%,70,76,9%,16,16,0%,8,6,-25%,74,78,5%,28,41,46%,390,389,0%,43,35,-19%,2,3,50%,247,285,15%,4,7,75%,224,260,16%,"2,215","2,411",9%,up,"18,393","21,396",16%,"5,996",,"7,343",22%,23%,25%,--,363,369,2%,104,101,-3%,271,274,1%,"39,053","43,198",11%,"21,308","23,705",11%,81%,84%,--,44%,46%,--,41.0,45.5,11%,"17,701","22,680",28%,"25,490","23,639",-7%,"2,319","2,220",-4%,942,"1,338",42%,"48,238","51,608",7%,"4,505","5,117",14%,"1,722","2,200",28%,8.5%,9.0%,--,up,18%,17%,--,"26,512","34,560",30%,"19,187","17,090",-11%,"13,264","12,360",-7%,"10,216","11,684",14%,23,"$56,627","112,744","122,430",9%,"23,182","24,737",7%,"69,179","75,694",9%,"20,383","21,999",8%,"85,144","88,384",4%,"27,600","34,046",23%,"44,503","35,837",-19%,"28,805","34,752",21%,"34,894","45,500",30%,"2,948","3,577",21%
"Pelham Parkway, Morris Park & Laconia",BX11,71,87,23%,12,11,-8%,19,15,-21%,129,140,9%,3,4,33%,21,22,5%,4,6,50%,23,25,9%,5,5,0%,29,28,-3%,31,42,35%,21,28,33%,2,2,0%,5,2,-60%,24,23,-4%,8,9,13%,108,113,5%,6,3,-50%,1,0,-100%,65,70,8%,5,5,0%,57,61,7%,627,689,10%,up,"19,511","19,572",0%,"5,834",,"7,133",22%,23%,22%,--,377,387,3%,97,100,3%,243,226,-7%,"43,623","46,972",8%,"25,806","25,078",-3%,86%,86%,--,51%,46%,--,38.2,43.2,13%,"23,732","28,201",19%,"20,788","19,133",-8%,"3,486","3,820",10%,997,"1,695",70%,"50,793","54,415",7%,"4,644","6,830",47%,"2,640","2,441",-8%,8.4%,11.2%,--,up,24%,20%,--,"38,478","44,410",15%,"19,532","20,657",6%,"11,399","9,975",-12%,"8,076","7,165",-11%,34,"$47,655","124,320","129,562",4%,"31,078","30,915",-1%,"77,485","82,207",6%,"15,757","16,440",4%,"72,280","74,236",3%,"52,040","55,326",6%,"34,203","28,484",-17%,"24,935","28,076",13%,"51,705","60,838",18%,"11,344","9,779",-14%
"Wakefield, Williamsbridge & Woodlawn",BX12,106,143,35%,32,30,-6%,23,21,-9%,168,193,15%,7,6,-14%,29,29,0%,15,14,-7%,30,26,-13%,9,7,-22%,86,86,0%,49,47,-4%,28,27,-4%,6,8,33%,4,4,0%,19,25,32%,12,10,-17%,104,117,13%,4,7,75%,0,0,N/A,102,109,7%,4,4,0%,93,102,10%,899,984,9%,up,"18,423","22,093",20%,"7,331",,"8,302",13%,20%,23%,--,448,475,6%,65,65,0%,352,315,-11%,"46,440","47,760",3%,"25,517","25,235",-1%,77%,78%,--,42%,41%,--,43.9,45.7,4%,"29,469","30,653",4%,"24,616","24,169",-2%,"2,622","3,189",22%,"1,169","1,134",-3%,"60,124","61,518",2%,"7,329","8,307",13%,"3,341","3,296",-1%,10.9%,11.9%,--,up,24%,20%,--,"40,504","50,291",24%,"27,563","22,359",-19%,"13,341","11,534",-14%,"7,087","7,984",13%,35,"$47,168","144,589","144,545",0%,"41,299","35,239",-15%,"88,495","92,168",4%,"14,795","17,138",16%,"80,754","78,946",-2%,"63,835","65,599",3%,"10,638","10,024",-6%,"98,297","95,164",-3%,"28,857","32,714",13%,"3,054","3,812",25%
Greenpoint & Williamsburg,BK01,465,508,9%,287,267,-7%,429,440,3%,710,959,35%,15,27,80%,122,125,2%,89,175,97%,95,115,21%,25,24,-4%,362,503,39%,327,596,82%,64,94,47%,97,169,74%,48,103,115%,125,163,30%,48,75,56%,215,216,0%,82,198,141%,9,19,111%,452,724,60%,4,12,200%,430,673,57%,"4,171","5,556",33%,up,"33,399","50,903",52%,"5,614",,"3,764",-33%,37%,47%,--,"2,465","2,744",11%,118,143,21%,307,263,-14%,"61,844","75,960",23%,"26,031","30,476",17%,95%,95%,--,40%,38%,--,31.8,34.0,7%,"38,373","50,881",33%,"10,451","10,819",4%,"10,205","11,629",14%,"4,642","5,199",12%,"65,367","80,222",23%,"3,809","5,138",35%,"2,805","2,241",-20%,5.5%,6.0%,--,up,17%,16%,--,"46,585","46,679",0%,"23,531","23,991",2%,"12,699","16,294",28%,"11,160","22,169",99%,21,"$59,577","141,785","157,443",11%,"35,840","35,502",-1%,"93,975","109,133",16%,"11,970","12,808",7%,"96,582","113,063",17%,"45,203","44,380",-2%,"89,297","99,105",11%,"5,345","6,649",24%,"36,679","36,720",0%,"8,547","11,353",33%
Brooklyn Heights & Fort Greene,BK02,179,227,27%,182,183,1%,271,289,7%,774,878,13%,16,31,94%,57,69,21%,153,263,72%,157,186,18%,54,55,2%,390,485,24%,748,"1,027",37%,313,338,8%,160,252,58%,84,137,63%,140,177,26%,86,143,66%,546,575,5%,146,250,71%,21,31,48%,535,690,29%,4,11,175%,501,646,29%,"4,905","6,076",24%,up,"47,689","59,448",25%,"3,720",,"3,931",6%,57%,60%,--,"1,036","1,213",17%,129,148,15%,284,135,-52%,"54,918","67,115",22%,"20,328","23,010",13%,93%,94%,--,34%,32%,--,34.4,35.2,2%,"37,995","48,705",28%,"6,837","6,818",0%,"7,244","9,362",29%,"4,625","4,761",3%,"59,024","71,232",21%,"4,839","5,360",11%,"2,232","2,158",-3%,7.6%,7.0%,--,down,18%,16%,--,"32,781","37,226",14%,"16,311","16,933",4%,"13,161","13,617",3%,"22,347","29,689",33%,8,"$82,127","116,032","136,047",17%,"21,200","24,815",17%,"84,600","97,465",15%,"10,232","13,767",35%,"89,372","102,388",15%,"26,660","33,659",26%,"48,707","60,862",25%,"35,112","35,614",1%,"19,071","21,538",13%,"8,201","12,722",55%
Bedford-Stuyvesant,BK03,56,65,16%,13,19,46%,30,32,7%,334,377,13%,11,13,18%,26,21,-19%,7,25,257%,24,34,42%,9,12,33%,84,127,51%,30,78,160%,10,19,90%,7,15,114%,4,4,0%,21,27,29%,27,37,37%,185,181,-2%,13,38,192%,3,7,133%,158,232,47%,0,3,N/A,153,219,43%,"1,171","1,512",29%,up,"15,950","26,210",64%,"4,596",,"5,128",12%,21%,29%,--,"1,426","1,478",4%,49,52,6%,248,176,-29%,"45,747","56,773",24%,"24,181","28,177",17%,95%,94%,--,50%,47%,--,41.0,40.9,0%,"31,522","39,513",25%,"8,855","9,594",8%,"4,382","6,608",51%,"2,288","2,614",14%,"47,946","60,270",26%,"5,854","8,036",37%,"4,499","3,983",-11%,10.9%,11.8%,--,up,29%,25%,--,"43,383","50,100",15%,"20,206","21,462",6%,"8,741","10,107",16%,"5,960","9,733",63%,45,"$40,537","129,589","142,678",10%,"40,112","39,061",-3%,"78,290","91,402",17%,"11,187","12,215",9%,"98,287","109,608",12%,"31,302","33,070",6%,"16,953","32,903",94%,"82,447","75,618",-8%,"24,331","26,792",10%,"3,639","4,830",33%
Bushwick,BK04,128,154,20%,158,163,3%,268,278,4%,450,549,22%,6,10,67%,50,57,14%,29,56,93%,33,41,24%,8,11,38%,118,159,35%,70,152,117%,23,30,30%,18,42,133%,13,34,162%,51,73,43%,23,33,43%,182,181,-1%,13,42,223%,0,6,N/A,176,329,87%,3,6,100%,162,310,91%,"1,917","2,486",30%,up,"10,771","22,146",106%,"4,144",,"4,074",-2%,14%,25%,--,"1,060","1,156",9%,28,39,39%,242,172,-29%,"49,954","62,358",25%,"24,719","28,308",15%,94%,95%,--,47%,43%,--,42.8,40.3,-6%,"34,307","45,653",33%,"8,489","9,053",7%,"7,223","7,254",0%,"1,702","2,193",29%,"52,892","65,378",24%,"4,707","7,839",67%,"3,911","2,829",-28%,8.2%,10.7%,--,up,22%,16%,--,"52,773","54,433",3%,"20,898","23,446",12%,"6,825","9,810",44%,"2,959","6,243",111%,43,"$42,197","129,135","135,848",5%,"36,992","31,480",-15%,"83,455","93,932",13%,"8,688","10,436",20%,"67,453","78,762",17%,"61,682","57,086",-7%,"9,741","20,175",107%,"25,053","24,780",-1%,"88,698","82,261",-7%,"4,301","6,499",51%
East New York & Starrett City,BK05,92,135,47%,82,72,-12%,141,145,3%,483,587,22%,17,26,53%,68,75,10%,13,23,77%,37,38,3%,10,10,0%,83,84,1%,31,44,42%,21,21,0%,2,5,150%,2,4,100%,52,59,13%,21,30,43%,210,256,22%,9,4,-56%,0,0,N/A,185,235,27%,5,7,40%,179,221,23%,"1,735","2,065",19%,up,"11,614","13,202",14%,"5,569",,"6,388",15%,13%,14%,--,"1,103","1,246",13%,45,47,4%,262,233,-11%,"52,802","56,711",7%,"27,549","29,871",8%,94%,94%,--,49%,50%,--,47.8,46.1,-4%,"35,367","38,556",9%,"14,779","15,720",6%,"3,716","2,755",-26%,938,"1,094",17%,"56,016","60,079",7%,"5,423","5,737",6%,"5,580","4,810",-14%,8.8%,8.7%,--,down,31%,28%,--,"57,661","59,295",3%,"21,771","23,043",6%,"9,316","9,736",5%,"4,279","5,704",33%,47,"$36,385","152,533","155,774",2%,"46,596","43,032",-8%,"93,027","97,778",5%,"12,910","14,964",16%,"91,015","91,865",1%,"61,518","63,909",4%,"7,399","5,969",-19%,"75,423","81,157",8%,"59,136","57,794",-2%,"7,159","7,060",-1%
"Park Slope, Carroll Gardens & Red Hook",BK06,232,264,14%,127,133,5%,182,163,-10%,394,429,9%,14,17,21%,83,79,-5%,103,145,41%,65,66,2%,23,24,4%,192,232,21%,300,434,45%,54,55,2%,76,140,84%,63,66,5%,79,91,15%,55,84,53%,248,309,25%,116,186,60%,18,23,28%,382,487,27%,4,7,75%,357,461,29%,"2,901","3,504",21%,up,"54,081","61,725",14%,"2,287",,"2,356",3%,65%,71%,--,"1,596","1,660",4%,83,71,-14%,162,137,-15%,"59,822","62,284",4%,"22,343","22,999",3%,93%,95%,--,35%,35%,--,37.1,37.8,2%,"42,643","43,655",2%,"7,745","6,965",-10%,"7,098","7,529",6%,"4,957","6,000",21%,"64,024","65,457",2%,"4,355","4,083",-6%,"1,373","1,094",-20%,6.4%,5.9%,--,down,18%,18%,--,"23,964","23,826",-1%,"16,547","13,482",-19%,"14,664","14,027",-4%,"26,456","31,421",19%,4,"$104,652","111,826","116,325",4%,"21,250","23,725",12%,"81,631","82,756",1%,"8,945","9,844",10%,"88,951","90,999",2%,"22,875","25,326",11%,"70,063","75,230",7%,"9,692","7,933",-18%,"21,592","20,395",-6%,"7,254","7,306",1%
Sunset Park & Windsor Terrace,BK07,317,353,11%,278,253,-9%,549,542,-1%,688,839,22%,17,17,0%,102,126,24%,24,58,142%,73,98,34%,18,20,11%,161,171,6%,125,178,42%,39,71,82%,14,28,100%,22,23,5%,89,103,16%,32,45,41%,258,311,21%,14,25,79%,1,5,400%,315,442,40%,5,6,20%,301,424,41%,"3,349","3,994",19%,up,"22,961","26,960",17%,"4,013",,"3,915",-2%,23%,27%,--,"1,350","1,526",13%,80,96,20%,229,133,-42%,"60,364","64,053",6%,"32,240","34,429",7%,88%,92%,--,47%,49%,--,45.5,42.4,-7%,"40,848","43,920",8%,"14,636","10,923",-25%,"8,250","10,794",31%,"2,124","1,872",-12%,"68,211","69,871",2%,"5,882","5,559",-5%,"3,329","2,232",-33%,7.9%,7.4%,--,down,21%,17%,--,"60,386","62,605",4%,"20,824","19,466",-7%,"9,193","9,187",0%,"8,850","9,493",7%,31,"$48,232","148,126","151,221",2%,"36,067","38,406",6%,"99,253","100,751",2%,"12,806","12,064",-6%,"68,255","71,592",5%,"79,871","79,629",0%,"34,555","33,618",-3%,"4,568","3,840",-16%,"63,667","62,339",-2%,"43,764","49,164",12%
Crown Heights North & Prospect Heights,BK08,56,71,27%,41,37,-10%,45,63,40%,258,330,28%,9,16,78%,27,28,4%,31,80,158%,22,31,41%,8,7,-13%,172,237,38%,113,199,76%,28,44,57%,26,48,85%,19,26,37%,37,51,38%,35,53,51%,201,217,8%,40,82,105%,1,9,800%,178,304,71%,1,2,100%,167,291,74%,"1,465","2,053",40%,up,"24,206","34,207",41%,"4,706",,"4,823",2%,30%,38%,--,997,"1,027",3%,17,23,35%,120,78,-35%,"50,742","58,219",15%,"23,723","26,096",10%,94%,94%,--,44%,42%,--,40.8,41.3,1%,"37,989","43,164",14%,"8,449","8,472",0%,"3,639","5,879",62%,"2,240","2,885",29%,"53,887","61,996",15%,"5,960","5,672",-5%,"3,355","3,125",-7%,10.0%,8.4%,--,down,25%,24%,--,"40,022","43,202",8%,"20,522","21,544",5%,"11,129","11,268",1%,"9,052","12,467",38%,37,"$45,503","121,455","127,439",5%,"29,932","26,451",-12%,"80,725","88,481",10%,"10,798","12,507",16%,"80,930","87,532",8%,"40,525","39,907",-2%,"18,173","27,156",49%,"83,591","75,704",-9%,"13,574","15,506",14%,"3,141","4,509",44%
"Crown Heights South, Prospect Lefferts & Wingate",BK09,22,29,32%,6,13,117%,11,14,27%,134,167,25%,4,8,100%,2,8,300%,11,24,118%,11,21,91%,2,3,50%,89,106,19%,34,51,50%,10,10,0%,6,10,67%,4,9,125%,14,13,-7%,11,14,27%,78,104,33%,6,12,100%,2,2,0%,57,82,44%,0,0,N/A,55,78,42%,580,771,33%,up,"14,754","22,009",49%,"4,494",,"4,832",8%,21%,29%,--,751,784,4%,34,39,15%,90,66,-27%,"44,703","45,690",2%,"24,448","22,856",-7%,95%,95%,--,52%,47%,--,40.8,41.6,2%,"31,750","32,770",3%,"9,010","7,868",-13%,"4,193","4,508",8%,"1,010","1,999",98%,"47,118","48,348",3%,"6,931","5,702",-18%,"2,778","2,245",-19%,12.8%,10.5%,--,down,21%,21%,--,"36,479","37,166",2%,"20,509","19,765",-4%,"7,926","8,238",4%,"4,933","6,400",30%,39,"$44,329","106,301","111,481",5%,"25,699","26,333",2%,"69,847","71,569",2%,"10,755","13,579",26%,"55,256","61,290",11%,"51,045","50,191",-2%,"15,787","22,139",40%,"79,289","73,991",-7%,"8,381","10,702",28%,"1,449","1,996",38%
Bay Ridge & Dyker Heights,BK10,232,276,19%,39,32,-18%,94,124,32%,380,418,10%,5,10,100%,46,81,76%,18,28,56%,112,120,7%,43,41,-5%,226,252,12%,234,254,9%,103,98,-5%,22,34,55%,40,44,10%,76,89,17%,47,63,34%,509,493,-3%,25,25,0%,0,1,N/A,287,319,11%,2,2,0%,273,304,11%,"2,637","2,920",11%,up,"32,498","35,965",11%,"5,197",,"5,488",6%,36%,40%,--,"1,733","1,798",4%,143,121,-15%,191,155,-19%,"50,713","53,122",5%,"25,224","28,010",11%,92%,93%,--,46%,49%,--,41.7,43.3,4%,"29,393","29,923",2%,"18,364","17,807",-3%,"4,344","5,641",30%,"1,419","2,013",42%,"55,094","57,199",4%,"4,440","4,624",4%,"1,676","1,597",-5%,7.5%,7.5%,--,up,16%,17%,--,"36,819","38,866",6%,"17,970","14,661",-18%,"11,771","11,462",-3%,"14,360","15,733",10%,18,"$60,863","123,817","125,000",1%,"25,206","26,597",6%,"80,920","80,722",0%,"17,691","17,681",0%,"75,384","71,537",-5%,"48,433","53,463",10%,"77,558","71,561",-8%,"1,352","2,012",49%,"17,194","19,288",12%,"26,069","30,042",15%
Bensonhurst & Bath Beach,BK11,500,628,26%,151,162,7%,440,466,6%,"1,166","1,293",11%,24,27,13%,220,311,41%,42,48,14%,167,187,12%,37,41,11%,391,504,29%,486,571,17%,176,209,19%,35,54,54%,97,114,18%,177,225,27%,108,127,18%,645,707,10%,34,48,41%,2,3,50%,403,487,21%,2,3,50%,379,459,21%,"5,530","6,457",17%,up,"25,279","38,689",53%,"7,562",,"9,573",27%,21%,29%,--,"1,696","1,774",5%,111,104,-6%,422,333,-21%,"66,811","77,438",16%,"36,865","41,765",13%,93%,93%,--,51%,50%,--,44.5,46.6,5%,"40,964","49,454",21%,"20,969","22,694",8%,"5,429","6,243",15%,"1,885","1,994",6%,"71,729","83,023",16%,"4,955","7,898",59%,"1,929","2,375",23%,6.5%,8.7%,--,up,14%,16%,--,"56,244","69,250",23%,"26,386","25,541",-3%,"12,860","15,033",17%,"10,485","12,720",21%,28,"$51,165","169,271","189,064",12%,"35,786","40,862",14%,"105,975","122,544",16%,"27,510","25,658",-7%,"77,521","79,862",3%,"91,750","109,202",19%,"87,062","83,375",-4%,906,"1,637",81%,"20,142","27,200",35%,"59,253","73,858",25%
"Borough Park, Kensington & Ocean Parkway",BK12,399,515,29%,176,171,-3%,342,414,21%,724,887,23%,13,14,8%,79,122,54%,45,60,33%,143,151,6%,24,31,29%,631,720,14%,243,315,30%,72,91,26%,40,53,33%,38,54,42%,128,161,26%,70,118,69%,419,464,11%,15,34,127%,3,12,300%,189,271,43%,2,4,100%,169,241,43%,"4,055","4,917",21%,up,"21,781","24,866",14%,"4,246",,"4,697",11%,25%,28%,--,"1,804","2,020",12%,159,173,9%,427,279,-35%,"51,803","54,200",5%,"34,144","37,351",9%,92%,93%,--,61%,64%,--,35.1,36.5,4%,"23,855","25,500",7%,"16,297","16,845",3%,"11,042","11,650",6%,"2,593","2,487",-4%,"56,337","58,134",3%,"4,560","3,554",-22%,"3,084","2,968",-4%,7.5%,5.8%,--,down,18%,19%,--,"53,281","54,815",3%,"18,079","16,313",-10%,"9,059","8,233",-9%,"7,438","8,081",9%,41,"$42,864","161,469","164,706",2%,"57,912","61,211",6%,"87,857","87,442",0%,"15,700","16,053",2%,"101,111","108,912",8%,"60,358","55,794",-8%,"116,337","116,293",0%,"3,804","4,002",5%,"17,374","18,102",4%,"22,325","22,821",2%
Brighton Beach & Coney Island,BK13,45,60,33%,7,13,86%,44,40,-9%,114,121,6%,4,4,0%,43,49,14%,3,6,100%,11,14,27%,6,6,0%,25,30,20%,64,83,30%,16,25,56%,6,6,0%,15,15,0%,12,17,42%,7,8,14%,108,129,19%,15,14,-7%,0,2,N/A,63,60,-5%,0,0,N/A,58,55,-5%,656,735,12%,up,"22,093","28,465",29%,"7,003",,"7,395",6%,28%,36%,--,391,410,5%,56,73,30%,192,180,-6%,"35,345","38,328",8%,"22,221","24,319",9%,92%,94%,--,58%,59%,--,45.3,44.9,-1%,"22,244","21,310",-4%,"9,943","12,519",26%,"3,341","4,525",35%,"1,123","1,391",24%,"38,379","40,976",7%,"3,830","4,868",27%,"1,634","1,247",-24%,9.1%,10.6%,--,up,19%,14%,--,"33,027","36,503",11%,"14,813","13,036",-12%,"6,781","7,803",15%,"6,052","6,657",10%,48,"$34,979","104,824","109,854",5%,"19,803","22,554",14%,"60,673","63,999",5%,"24,348","23,301",-4%,"48,819","46,968",-4%,"56,005","62,886",12%,"61,946","63,331",2%,"13,634","11,850",-13%,"14,643","16,397",12%,"13,434","16,547",23%
Flatbush & Midwood,BK14,226,294,30%,65,69,6%,200,206,3%,868,922,6%,16,26,63%,84,128,52%,35,49,40%,114,134,18%,33,36,9%,673,660,-2%,306,361,18%,121,141,17%,32,35,9%,54,57,6%,123,141,15%,78,94,21%,639,657,3%,19,36,89%,1,4,300%,256,328,28%,1,2,100%,245,308,26%,"4,143","4,605",11%,up,"30,990","37,546",21%,"6,079",,"7,712",27%,31%,36%,--,"1,063","1,189",12%,91,108,19%,382,264,-31%,"61,286","64,703",6%,"35,054","37,892",8%,93%,95%,--,53%,56%,--,42.1,42.0,0%,"40,114","41,392",3%,"15,985","15,621",-2%,"5,312","6,811",28%,"2,283","2,340",2%,"65,963","68,260",3%,"5,690","6,525",15%,"3,503","3,272",-7%,7.9%,8.7%,--,up,20%,21%,--,"51,014","55,775",9%,"24,819","22,338",-10%,"11,897","11,532",-3%,"10,648","11,400",7%,32,"$48,169","157,458","162,062",3%,"43,756","43,037",-2%,"98,378","101,045",3%,"15,324","17,980",17%,"82,506","87,947",7%,"74,952","74,115",-1%,"64,047","64,109",0%,"55,751","52,055",-7%,"22,171","24,455",10%,"12,555","17,290",38%
"Sheepshead Bay, Gerritsen Beach & Homecrest",BK15,244,344,41%,61,66,8%,221,240,9%,729,779,7%,16,22,38%,169,265,57%,45,50,11%,130,133,2%,46,48,4%,282,312,11%,582,663,14%,204,257,26%,23,44,91%,143,141,-1%,148,165,11%,75,77,3%,949,"1,013",7%,30,45,50%,3,2,-33%,294,309,5%,6,2,-67%,274,295,8%,"4,344","4,893",13%,up,"35,745","42,009",18%,"7,435",,"7,701",4%,36%,40%,--,"1,074","1,184",10%,213,212,0%,571,471,-18%,"54,432","57,451",6%,"32,229","33,420",4%,94%,92%,--,55%,53%,--,41.6,44.5,7%,"28,215","30,435",8%,"21,254","22,272",5%,"4,574","5,583",22%,"2,391","2,630",10%,"58,214","62,647",8%,"4,196","5,240",25%,"2,286","2,184",-4%,6.7%,7.7%,--,up,18%,19%,--,"41,778","45,613",9%,"19,938","19,303",-3%,"12,587","13,220",5%,"13,149","14,170",8%,26,"$54,475","139,175","150,871",8%,"29,399","34,959",19%,"87,452","92,306",6%,"22,324","23,606",6%,"72,566","75,576",4%,"66,609","75,295",13%,"101,866","104,333",2%,"4,249","5,594",32%,"10,083","13,760",36%,"21,677","24,408",13%
Brownsville & Ocean Hill,BK16,33,55,67%,21,18,-14%,22,27,23%,370,442,19%,10,16,60%,16,24,50%,7,17,143%,11,23,109%,2,5,150%,69,87,26%,34,37,9%,14,14,0%,7,3,-57%,4,5,25%,13,20,54%,28,25,-11%,164,186,13%,6,9,50%,1,1,0%,115,152,32%,1,4,300%,111,146,32%,"1,063","1,289",21%,up,"6,920","10,576",53%,"4,073",,"5,506",35%,11%,14%,--,500,628,26%,31,31,0%,291,178,-39%,"35,837","39,889",11%,"20,416","23,105",13%,95%,94%,--,54%,55%,--,45.4,46.5,2%,"24,114","28,955",20%,"9,628","8,756",-9%,"2,368","2,375",0%,767,"1,056",38%,"37,770","42,349",12%,"5,254","6,857",31%,"4,777","3,922",-18%,12.2%,13.9%,--,up,38%,30%,--,"39,833","48,416",22%,"16,534","17,683",7%,"5,544","6,212",12%,"3,561","3,461",-3%,51,"$28,315","112,981","123,609",9%,"38,142","36,516",-4%,"65,472","75,772",16%,"9,367","11,321",21%,"77,232","81,777",6%,"35,749","41,832",17%,"1,294","2,625",103%,"84,283","91,864",9%,"25,201","25,850",3%,724,"1,721",138%
"East Flatbush, Farragut & Rugby",BK17,41,50,22%,21,20,-5%,37,44,19%,165,203,23%,5,6,20%,31,26,-16%,3,9,200%,22,20,-9%,5,5,0%,36,47,31%,20,25,25%,8,10,25%,0,0,N/A,2,6,200%,14,18,29%,23,24,4%,143,141,-1%,4,6,50%,2,3,50%,87,95,9%,1,1,0%,77,85,10%,796,895,12%,up,"17,778","20,945",18%,"8,309",,"6,961",-16%,19%,22%,--,"1,058","1,122",6%,42,43,2%,275,249,-9%,"59,232","56,690",-4%,"32,290","31,586",-2%,94%,94%,--,51%,52%,--,46.3,46.0,-1%,"40,011","38,551",-4%,"17,382","15,871",-9%,"3,333","2,842",-15%,825,"1,382",68%,"63,093","60,254",-4%,"7,181","6,206",-14%,"3,367","3,459",3%,10.2%,9.3%,--,down,24%,26%,--,"42,457","44,716",5%,"29,105","24,281",-17%,"11,073","11,016",-1%,"7,302","7,165",-2%,33,"$48,094","139,326","138,596",-1%,"34,047","32,860",-3%,"89,937","87,178",-3%,"15,342","18,558",21%,"62,677","63,601",1%,"76,649","74,995",-2%,"1,912","3,014",58%,"122,877","121,091",-1%,"9,611","10,216",6%,"1,743","1,796",3%
Canarsie & Flatlands,BK18,249,278,12%,58,63,9%,156,142,-9%,519,545,5%,11,10,-9%,108,115,6%,34,47,38%,88,85,-3%,20,19,-5%,155,154,-1%,181,186,3%,87,81,-7%,7,5,-29%,21,25,19%,94,103,10%,34,43,26%,467,480,3%,21,26,24%,1,2,100%,216,224,4%,1,0,-100%,205,216,5%,"2,702","2,808",4%,up,"36,426","42,667",17%,"11,659",,"12,560",8%,28%,30%,--,756,830,10%,189,154,-19%,449,409,-9%,"86,177","87,433",1%,"51,790","52,870",2%,94%,94%,--,57%,57%,--,44.1,47.2,7%,"40,879","44,250",8%,"43,382","40,902",-6%,"2,865","3,449",20%,"1,988","2,266",14%,"91,268","92,990",2%,"5,593","8,691",55%,"3,383","3,826",13%,5.8%,8.5%,--,up,16%,19%,--,"54,725","61,723",13%,"35,214","32,708",-7%,"20,719","18,817",-9%,"18,324","19,714",8%,12,"$68,145","201,858","208,859",3%,"53,171","50,913",-4%,"128,982","132,962",3%,"19,705","24,984",27%,"117,451","118,121",1%,"84,407","90,738",8%,"56,120","47,994",-14%,"120,627","131,897",9%,"15,788","16,796",6%,"5,909","9,077",54%
"Battery Park City, Greenwich Village & Soho",MN01 & MN02,316,303,-4%,333,262,-21%,811,727,-10%,"2,365","2,287",-3%,37,37,0%,151,134,-11%,915,"1,029",12%,"1,691","1,463",-13%,205,181,-12%,"1,407","1,473",5%,"4,033","4,327",7%,"1,535","1,612",5%,811,818,1%,477,549,15%,678,711,5%,247,279,13%,857,998,16%,610,662,9%,69,70,1%,"1,914","2,060",8%,46,70,52%,"1,726","1,844",7%,"18,047","18,626",3%,up,"83,216","99,917",20%,"2,476",,"2,645",7%,78%,83%,--,"1,901","2,280",20%,480,524,9%,543,245,-55%,"78,166","87,464",12%,"74,021","82,160",11%,91%,93%,--,87%,88%,--,24.9,25.1,1%,"44,679","49,378",11%,"10,212","7,624",-25%,"22,555","27,301",21%,"6,134","7,428",21%,"85,534","93,708",10%,"4,520","4,171",-8%,868,769,-11%,5.0%,4.3%,--,down,4%,5%,--,"31,835","29,455",-7%,"15,003","12,505",-17%,"13,649","16,612",22%,"49,552","58,860",19%,1,"$124,389","140,369","155,433",11%,"17,234","21,751",26%,"110,039","117,432",7%,"13,096","16,250",24%,"104,996","114,574",9%,"35,373","40,859",16%,"102,161","111,421",9%,"3,046","3,518",15%,"8,463","10,877",29%,"22,755","24,407",7%
Chinatown & Lower East Side,MN03,202,194,-4%,126,116,-8%,378,325,-14%,"1,163","1,165",0%,36,31,-14%,64,63,-2%,300,318,6%,206,202,-2%,61,56,-8%,777,795,2%,"1,028","1,127",10%,151,160,6%,289,310,7%,156,177,13%,236,239,1%,118,122,3%,621,665,7%,470,682,45%,72,75,4%,"1,407","1,502",7%,17,30,76%,"1,340","1,416",6%,"8,081","8,573",6%,up,"46,478","52,938",14%,"3,582",,"4,899",37%,38%,43%,--,"1,738","2,019",16%,74,96,30%,358,121,-66%,"71,617","69,176",-3%,"63,231","60,383",-5%,92%,92%,--,82%,80%,--,30.4,31.4,3%,"42,838","41,553",-3%,"7,159","6,402",-11%,"21,131","21,899",4%,"4,217","3,449",-18%,"77,527","75,129",-3%,"7,852","6,303",-20%,"3,353","2,735",-18%,9.2%,7.7%,--,down,16%,15%,--,"60,959","59,456",-2%,"23,122","19,073",-18%,"15,188","15,115",0%,"18,983","22,179",17%,42,"$42,223","166,438","160,774",-3%,"25,711","21,806",-15%,"118,252","115,823",-2%,"22,475","23,145",3%,"94,535","94,850",0%,"71,903","65,924",-8%,"52,960","53,302",1%,"12,192","12,538",3%,"38,893","40,010",3%,"58,891","49,433",-16%
"Chelsea, Clinton & Midtown Business District",MN04 & MN05,607,675,11%,"1,337","1,082",-19%,"5,811","5,029",-13%,"2,979","2,877",-3%,41,51,24%,295,284,-4%,"1,639","1,672",2%,"2,065","2,027",-2%,289,267,-8%,"2,273","2,298",1%,"5,262","5,437",3%,"1,414","1,433",1%,"1,215","1,224",1%,694,731,5%,"1,576","1,582",0%,388,472,22%,"1,371","1,422",4%,"1,561","1,725",11%,431,449,4%,"2,197","2,595",18%,169,205,21%,"1,751","2,146",23%,"31,943","32,137",1%,up,"75,961","91,187",20%,"3,796",,"4,405",16%,68%,75%,--,"1,236","1,699",37%,"1,046","1,262",21%,641,312,-51%,"77,364","88,628",15%,"72,686","82,674",14%,90%,92%,--,85%,86%,--,24.9,26.4,6%,"41,147","45,010",9%,"8,289","8,210",-1%,"29,618","33,600",13%,"4,487","6,842",52%,"85,826","96,284",12%,"6,025","4,751",-21%,"1,315","1,094",-17%,6.6%,4.7%,--,down,8%,8%,--,"32,355","31,103",-4%,"18,997","17,660",-7%,"15,527","15,740",1%,"44,123","54,926",24%,6,"$100,097","137,926","149,143",8%,"12,285","13,379",9%,"111,002","119,429",8%,"14,639","16,335",12%,"98,436","105,184",7%,"39,490","43,959",11%,"87,531","91,164",4%,"7,964","8,107",2%,"20,204","21,717",7%,"18,625","24,230",30%
"Murray Hill, Gramercy & Stuyvesant Town",MN06,342,385,13%,241,203,-16%,"1,515","1,346",-11%,"1,555","1,461",-6%,26,45,73%,146,120,-18%,940,936,0%,"3,178","2,717",-15%,327,326,0%,"1,950","2,056",5%,"4,846","4,821",-1%,"1,840","1,814",-1%,636,594,-7%,491,503,2%,"1,397","1,268",-9%,232,263,13%,"1,535","1,699",11%,644,647,0%,114,106,-7%,"1,468","1,566",7%,86,103,20%,"1,219","1,318",8%,"22,507","22,156",-2%,down,"91,579","95,083",4%,"3,763",,"3,319",-12%,78%,80%,--,779,893,15%,212,182,-14%,139,65,-53%,"83,197","81,153",-2%,"78,829","76,687",-3%,92%,93%,--,87%,88%,--,25.5,26.9,6%,"38,307","39,824",4%,"10,877","6,746",-38%,"33,998","32,137",-5%,"5,755","6,564",14%,"90,479","87,248",-4%,"5,135","3,900",-24%,680,"1,084",59%,5.4%,4.3%,--,down,4%,7%,--,"26,640","26,479",-1%,"16,496","13,772",-17%,"19,167","16,987",-11%,"52,343","52,278",0%,3,"$106,171","146,945","146,835",0%,"12,056","13,782",14%,"114,646","109,516",-4%,"20,243","23,537",16%,"108,941","109,599",1%,"38,004","37,236",-2%,"108,671","101,801",-6%,"4,055","4,353",7%,"11,821","12,815",8%,"19,468","24,098",24%
Upper West Side & West Side,MN07,101,100,-1%,50,39,-22%,141,132,-6%,689,652,-5%,31,35,13%,22,18,-18%,249,228,-8%,178,179,1%,51,48,-6%,886,913,3%,836,784,-6%,112,99,-12%,136,133,-2%,145,138,-5%,159,165,4%,180,229,27%,775,760,-2%,496,488,-2%,118,89,-25%,622,657,6%,25,21,-16%,528,565,7%,"6,379","6,406",0%,up,"113,788","116,469",2%,"3,503",,"4,622",32%,74%,75%,--,710,770,8%,31,30,-3%,61,33,-46%,"93,577","92,170",-2%,"87,839","85,734",-2%,90%,91%,--,85%,84%,--,29.4,31.7,8%,"66,360","68,665",3%,"11,746","9,177",-22%,"13,956","13,817",-1%,"8,055","7,387",-8%,"103,791","101,786",-2%,"6,126","4,519",-26%,981,830,-15%,5.6%,4.3%,--,down,8%,9%,--,"40,420","35,564",-12%,"18,482","18,788",2%,"19,070","18,823",-1%,"59,525","56,214",-6%,5,"$104,638","197,509","193,599",-2%,"31,862","30,499",-4%,"137,497","129,389",-6%,"28,150","33,711",20%,"149,867","141,255",-6%,"47,642","52,344",10%,"139,367","131,539",-6%,"13,979","11,188",-20%,"24,690","27,881",13%,"15,071","17,822",18%
Upper East Side,MN08,135,129,-4%,77,55,-29%,276,229,-17%,"1,279","1,211",-5%,39,35,-10%,43,31,-28%,157,144,-8%,342,313,-8%,68,64,-6%,"1,048",964,-8%,912,843,-8%,123,91,-26%,207,185,-11%,86,111,29%,249,245,-2%,168,178,6%,"1,941","1,713",-12%,276,254,-8%,25,25,0%,780,772,-1%,18,15,-17%,694,698,1%,"9,408","8,896",-5%,down,"136,539","143,287",5%,"4,666",,"6,902",48%,79%,80%,--,"1,615","1,616",0%,163,152,-7%,142,78,-45%,"109,489","112,028",2%,"103,095","104,954",2%,92%,93%,--,86%,87%,--,30.0,30.8,3%,"69,490","68,537",-1%,"17,470","17,250",-1%,"22,331","24,520",10%,"7,266","7,310",1%,"119,223","120,899",1%,"5,858","3,764",-36%,"1,271","1,069",-16%,4.7%,3.0%,--,down,9%,11%,--,"33,795","34,298",1%,"20,970","19,585",-7%,"23,677","24,433",3%,"73,215","70,582",-4%,2,"$109,111","216,210","222,040",3%,"30,790","33,093",7%,"151,657","148,898",-2%,"33,763","40,049",19%,"164,996","166,587",1%,"51,214","55,453",8%,"172,083","169,041",-2%,"6,572","6,215",-5%,"15,430","19,962",29%,"18,873","21,901",16%
"Hamilton Heights, Manhattanville & West Harlem",MN09,59,67,14%,6,11,83%,22,25,14%,322,343,7%,11,12,9%,14,19,36%,44,57,30%,56,62,11%,15,23,53%,284,319,12%,71,124,75%,16,28,75%,19,22,16%,11,21,91%,29,32,10%,59,65,10%,195,201,3%,36,51,42%,8,11,38%,193,242,25%,3,4,33%,167,224,34%,"1,685","1,962",16%,up,"34,386","39,571",15%,"3,687",,"3,514",-5%,43%,46%,--,306,325,6%,24,22,-8%,59,45,-24%,"49,035","54,194",11%,"42,999","46,677",9%,91%,92%,--,79%,79%,--,34.4,35.4,3%,"36,126","40,191",11%,"4,697","5,310",13%,"8,708","7,539",-13%,"3,110","4,078",31%,"54,156","59,022",9%,"4,329","4,773",10%,"2,856","2,755",-4%,7.4%,7.5%,--,up,13%,12%,--,"49,622","52,979",7%,"16,745","17,655",5%,"8,488","9,324",10%,"11,610","12,315",6%,36,"$45,765","123,991","129,788",5%,"24,400","23,341",-4%,"86,465","92,273",7%,"13,126","14,174",8%,"77,055","80,924",5%,"46,936","48,864",4%,"32,641","36,910",13%,"29,505","27,583",-7%,"50,462","49,179",-3%,"7,946","10,550",33%
Central Harlem,MN10,26,38,46%,9,11,22%,6,9,50%,155,204,32%,8,11,38%,14,14,0%,10,24,140%,34,27,-21%,10,10,0%,217,215,-1%,51,82,61%,12,16,33%,5,16,220%,9,19,111%,22,31,41%,30,37,23%,127,165,30%,26,38,46%,3,6,100%,125,173,38%,3,1,-67%,116,161,39%,"1,022","1,270",24%,up,"24,830","32,941",33%,"4,115",,"6,281",53%,31%,35%,--,659,719,9%,30,34,13%,114,72,-37%,"45,416","55,813",23%,"37,631","47,380",26%,92%,93%,--,76%,79%,--,35.2,37.0,5%,"34,350","44,546",30%,"6,099","5,351",-12%,"5,173","5,222",1%,"2,199","3,272",49%,"49,605","60,153",21%,"7,581","6,843",-10%,"3,939","3,791",-4%,13.3%,10.2%,--,down,28%,27%,--,"42,755","50,626",18%,"18,055","20,517",14%,"9,800","10,050",3%,"8,882","12,559",41%,44,"$40,816","121,023","135,930",12%,"29,707","30,739",3%,"79,492","93,752",18%,"11,824","11,439",-3%,"91,954","102,798",12%,"29,069","33,132",14%,"12,480","17,750",42%,"75,635","78,162",3%,"24,891","32,136",29%,"3,440","4,440",29%
East Harlem,MN11,65,73,12%,14,20,43%,26,25,-4%,382,405,6%,9,13,44%,11,21,91%,11,24,118%,39,41,5%,11,12,9%,231,193,-16%,51,78,53%,13,23,77%,13,13,0%,6,9,50%,31,36,16%,38,45,18%,258,243,-6%,22,29,32%,6,7,17%,204,262,28%,1,3,200%,186,240,29%,"1,588","1,721",8%,up,"19,416","26,402",36%,"4,886",,"4,116",-16%,25%,32%,--,716,815,14%,51,44,-14%,187,114,-39%,"40,754","44,839",10%,"34,993","39,145",12%,92%,93%,--,79%,82%,--,35.0,34.1,-2%,"30,534","33,608",10%,"4,428","4,596",4%,"6,387","7,316",15%,864,"1,605",86%,"44,145","47,994",9%,"6,443","5,560",-14%,"3,812","2,353",-38%,12.7%,10.4%,--,down,26%,17%,--,"47,240","48,814",3%,"15,804","14,392",-9%,"8,151","8,644",6%,"6,901","9,142",32%,50,"$31,628","121,876","122,522",1%,"31,436","27,590",-12%,"78,096","80,992",4%,"12,344","13,940",13%,"82,024","83,518",2%,"39,852","39,004",-2%,"14,178","18,371",30%,"38,495","36,283",-6%,"60,810","55,468",-9%,"6,818","9,618",41%
"Washington Heights, Inwood & Marble Hill",MN12,58,60,3%,21,22,5%,40,48,20%,738,690,-7%,23,23,0%,37,53,43%,36,43,19%,107,100,-7%,21,26,24%,466,485,4%,139,165,19%,48,60,25%,15,15,0%,19,28,47%,84,90,7%,43,57,33%,336,399,19%,49,65,33%,8,16,100%,293,344,17%,0,1,N/A,287,334,16%,"2,836","3,049",8%,up,"40,134","50,617",26%,"6,836",,"8,456",24%,28%,32%,--,526,584,11%,27,28,4%,176,150,-15%,"81,273","90,091",11%,"66,211","73,889",12%,85%,88%,--,70%,72%,--,38.1,40.0,5%,"59,479","66,869",12%,"14,873","13,918",-6%,"11,116","11,874",7%,"4,352","6,094",40%,"95,224","102,839",8%,"13,523","14,236",5%,"4,806","4,981",4%,12.4%,12.2%,--,down,19%,21%,--,"83,219","93,053",12%,"33,214","32,107",-3%,"14,206","14,503",2%,"11,472","12,564",10%,40,"$43,307","210,978","218,839",4%,"45,926","41,404",-10%,"142,111","152,227",7%,"22,941","25,208",10%,"98,445","104,979",7%,"112,533","113,860",1%,"34,702","38,883",12%,"17,671","16,969",-4%,"150,445","153,399",2%,"4,977","5,864",18%
Astoria & Long Island City,QN01,627,665,6%,128,96,-25%,196,193,-2%,600,621,3%,14,21,50%,121,108,-11%,45,77,71%,128,136,6%,43,43,0%,293,322,10%,246,325,32%,111,133,20%,39,43,10%,41,52,27%,121,130,7%,46,59,28%,311,324,4%,40,69,73%,7,8,14%,427,562,32%,4,3,-25%,402,537,34%,"3,718","4,187",13%,up,"43,548","58,182",34%,"8,556",,"8,056",-6%,34%,44%,--,"1,534","1,698",11%,191,189,-1%,523,399,-24%,"79,940","86,667",8%,"28,269","27,982",-1%,91%,91%,--,32%,30%,--,36.7,37.9,3%,"57,199","63,931",12%,"18,690","16,917",-9%,"6,371","7,425",17%,"2,431","3,138",29%,"87,955","94,818",8%,"8,952","7,546",-16%,"2,358","2,338",-1%,9.2%,7.4%,--,down,14%,15%,--,"55,443","55,788",1%,"33,280","31,520",-5%,"19,427","20,462",5%,"14,743","18,883",28%,24,"$56,201","171,975","172,549",0%,"29,797","26,188",-12%,"122,893","126,653",3%,"19,285","19,708",2%,"90,966","96,659",6%,"81,009","75,890",-6%,"81,962","82,410",1%,"10,813","11,042",2%,"49,708","46,914",-6%,"24,659","27,301",11%
Sunnyside & Woodside,QN02,683,701,3%,426,390,-8%,534,536,0%,562,645,15%,15,20,33%,234,249,6%,76,82,8%,163,185,13%,43,39,-9%,328,363,11%,275,416,51%,63,93,48%,83,108,30%,55,79,44%,178,200,12%,35,60,71%,225,267,19%,77,118,53%,11,11,0%,453,591,30%,19,24,26%,408,520,27%,"4,841","5,479",13%,up,"30,575","40,004",31%,"7,746",,"7,484",-3%,31%,38%,--,610,703,15%,156,155,-1%,259,221,-15%,"60,635","67,825",12%,"21,629","21,908",1%,91%,93%,--,33%,30%,--,38.2,37.4,-2%,"45,069","50,299",12%,"14,398","14,970",4%,"3,723","4,637",25%,"1,418","1,720",21%,"66,529","72,923",10%,"5,165","4,032",-22%,"1,285","1,336",4%,7.2%,5.2%,--,down,12%,13%,--,"43,471","46,221",6%,"26,364","26,130",-1%,"11,882","11,985",1%,"11,410","14,714",29%,20,"$60,154","130,403","139,056",7%,"23,430","25,383",8%,"93,127","99,050",6%,"13,846","14,623",6%,"51,203","59,250",16%,"79,200","79,806",1%,"36,807","39,045",6%,"2,250","1,959",-13%,"43,284","46,126",7%,"45,999","48,756",6%
Jackson Heights and East Elmhurst,QN03,176,245,39%,26,37,42%,77,73,-5%,518,550,6%,12,21,75%,82,106,29%,33,32,-3%,80,79,-1%,24,24,0%,176,192,9%,134,165,23%,75,94,25%,10,21,110%,19,16,-16%,83,98,18%,34,43,26%,233,246,6%,16,22,38%,3,1,-67%,333,356,7%,10,10,0%,304,326,7%,"2,301","2,567",12%,up,"24,051","25,279",5%,"7,725",,"8,102",5%,20%,20%,--,702,786,12%,87,74,-15%,383,364,-5%,"78,179","79,997",2%,"38,093","36,455",-4%,90%,92%,--,44%,42%,--,42.6,41.4,-3%,"55,318","55,330",0%,"19,620","21,018",7%,"6,831","6,941",2%,"1,873",988,-47%,"86,819","86,526",0%,"7,159","6,250",-13%,"3,481","2,866",-18%,7.6%,6.7%,--,down,18%,16%,--,"70,656","73,396",4%,"29,547","27,337",-7%,"12,808","11,227",-12%,"7,028","8,786",25%,29,"$51,083","176,421","180,500",2%,"39,928","40,910",2%,"120,039","120,746",1%,"16,454","18,844",15%,"61,802","67,567",9%,"114,619","112,933",-1%,"20,131","18,076",-10%,"10,730","8,778",-18%,"111,597","120,456",8%,"30,897","31,236",1%
Elmhurst and Corona,QN04,224,291,30%,74,82,11%,152,142,-7%,693,743,7%,21,20,-5%,88,97,10%,28,36,29%,91,88,-3%,26,25,-4%,159,190,19%,103,138,34%,51,69,35%,7,17,143%,14,19,36%,76,89,17%,22,27,23%,294,337,15%,19,19,0%,0,1,N/A,351,426,21%,7,8,14%,323,391,21%,"2,775","3,174",14%,up,"19,219","21,733",13%,"5,526",,"5,996",9%,21%,22%,--,749,822,10%,83,60,-28%,343,334,-3%,"57,573","59,059",3%,"25,174","26,263",4%,91%,90%,--,40%,40%,--,43.4,43.0,-1%,"40,938","43,392",6%,"14,647","12,834",-12%,"4,352","6,174",42%,"1,475",760,-48%,"63,151","65,745",4%,"4,914","3,943",-20%,"3,015","2,353",-22%,7.2%,5.7%,--,down,20%,18%,--,"55,724","58,632",5%,"22,793","21,889",-4%,"8,794","8,051",-8%,"5,709","5,253",-8%,38,"$44,865","137,268","142,288",4%,"31,842","33,378",5%,"93,020","93,825",1%,"12,406","15,085",22%,"44,066","51,785",18%,"93,202","90,503",-3%,"10,552","8,938",-15%,"8,772","11,135",27%,"69,547","72,194",4%,"46,222","47,214",2%
"Ridgewood, Glendale & Middle Village",QN05,655,910,39%,195,182,-7%,354,412,16%,634,688,9%,18,19,6%,117,124,6%,21,25,19%,103,87,-16%,49,43,-12%,149,163,9%,164,179,9%,69,67,-3%,23,30,30%,26,33,27%,114,138,21%,27,36,33%,244,288,18%,21,30,43%,0,1,N/A,274,352,28%,2,3,50%,263,338,29%,"3,388","4,033",19%,up,"24,281","30,578",26%,"8,107",,"8,695",7%,21%,25%,--,"1,698","1,782",5%,130,107,-18%,310,236,-24%,"69,818","77,343",11%,"29,008","32,190",11%,90%,92%,--,37%,38%,--,40.0,39.5,-1%,"38,523","44,078",14%,"30,115","29,916",-1%,"5,171","5,784",12%,"1,150","2,207",92%,"77,362","83,638",8%,"5,179","5,548",7%,"2,889","2,682",-7%,6.3%,6.2%,--,down,18%,18%,--,"50,732","52,400",3%,"29,389","29,726",1%,"17,027","17,257",1%,"13,182","15,725",19%,15,"$62,873","168,648","174,267",3%,"38,175","38,860",2%,"110,330","115,108",4%,"20,143","20,299",1%,"98,325","101,164",3%,"70,323","73,103",4%,"95,505","92,597",-3%,"1,818","2,672",47%,"57,941","62,350",8%,"12,220","14,652",20%
Forest Hills & Rego Park,QN06,92,132,43%,32,26,-19%,169,155,-8%,421,444,5%,12,20,67%,68,71,4%,36,40,11%,117,103,-12%,46,43,-7%,300,320,7%,415,456,10%,186,213,15%,21,32,52%,82,88,7%,102,106,4%,59,67,14%,649,674,4%,35,39,11%,4,4,0%,238,278,17%,1,1,0%,231,268,16%,"3,149","3,338",6%,up,"46,394","48,572",5%,"6,043",,"6,394",6%,54%,55%,--,302,370,23%,66,62,-6%,213,198,-7%,"48,736","48,804",0%,"16,694","18,754",12%,90%,90%,--,31%,35%,--,41.9,42.2,1%,"32,697","31,829",-3%,"14,791","15,342",4%,"2,928","3,550",21%,"2,016","2,140",6%,"54,293","54,252",0%,"4,142","3,326",-20%,608,856,41%,7.1%,5.8%,--,down,9%,15%,--,"26,297","29,262",11%,"15,073","12,668",-16%,"13,464","13,009",-3%,"19,249","18,842",-2%,13,"$67,596","112,172","114,644",2%,"19,560","20,915",7%,"74,083","73,781",0%,"18,529","19,948",8%,"51,942","54,093",4%,"60,230","60,551",1%,"62,077","58,561",-6%,"2,466","3,331",35%,"14,460","18,004",25%,"30,337","31,135",3%
"Flushing, Murray Hill & Whitestone",QN07,917,"1,034",13%,180,186,3%,710,838,18%,"1,062","1,322",24%,34,33,-3%,219,356,63%,102,108,6%,304,309,2%,84,91,8%,483,578,20%,593,793,34%,235,339,44%,98,119,21%,94,111,18%,303,421,39%,142,176,24%,915,"1,045",14%,86,88,2%,4,2,-50%,675,938,39%,11,18,64%,638,886,39%,"7,698","9,457",23%,up,"59,012","50,159",-15%,"12,938",,"17,062",32%,33%,27%,--,"1,001","1,308",31%,225,229,2%,749,612,-18%,"92,511","93,692",1%,"50,316","54,466",8%,82%,84%,--,44%,49%,--,41.6,40.4,-3%,"45,432","40,332",-11%,"53,657","52,909",-1%,"7,857","11,418",45%,"2,148","2,346",9%,"113,407","111,028",-2%,"10,687","6,714",-37%,"3,197","2,350",-26%,8.6%,5.7%,--,down,15%,12%,--,"78,903","91,193",16%,"38,153","32,849",-14%,"21,389","19,708",-8%,"22,837","19,924",-13%,27,"$52,722","243,872","250,322",3%,"45,433","46,076",1%,"161,282","163,674",1%,"37,157","40,572",9%,"105,290","103,685",-2%,"138,582","146,637",6%,"77,717","64,320",-17%,"5,636","5,652",0%,"41,690","43,960",5%,"114,078","129,327",13%
"Briarwood, Fresh Meadows & Hillcrest",QN08,212,268,26%,38,31,-18%,192,186,-3%,597,659,10%,17,25,47%,76,111,46%,36,48,33%,110,108,-2%,39,36,-8%,181,208,15%,219,271,24%,96,118,23%,18,28,56%,45,45,0%,93,129,39%,58,65,12%,443,503,14%,24,23,-4%,3,3,0%,312,354,13%,5,3,-40%,267,309,16%,"2,921","3,336",14%,up,"39,819","45,196",14%,"9,017",,"9,428",5%,39%,41%,--,281,338,20%,95,91,-4%,205,206,0%,"56,509","60,683",7%,"28,955","31,567",9%,84%,85%,--,43%,44%,--,42.3,44.0,4%,"29,235","32,660",12%,"31,156","31,323",1%,"2,898","3,868",33%,"1,939","1,465",-24%,"67,374","71,325",6%,"6,520","7,026",8%,"1,362","2,307",69%,8.8%,9.0%,--,up,9%,13%,--,"44,433","52,874",19%,"22,540","22,872",1%,"15,403","14,517",-6%,"14,258","15,172",6%,16,"$62,679","148,732","162,509",9%,"32,766","36,121",10%,"96,634","105,435",9%,"19,332","20,953",8%,"76,325","81,401",7%,"72,407","81,108",12%,"51,822","51,572",0%,"19,319","18,593",-4%,"26,941","30,242",12%,"46,626","54,847",18%
Richmond Hill & Woodhaven,QN09,243,275,13%,54,49,-9%,104,93,-11%,328,386,18%,9,13,44%,67,80,19%,23,21,-9%,67,64,-4%,20,20,0%,112,107,-4%,176,210,19%,109,129,18%,16,20,25%,21,24,14%,78,90,15%,25,35,40%,242,271,12%,20,23,15%,1,1,0%,189,217,15%,1,2,100%,181,204,13%,"1,980","2,239",13%,up,"23,631","26,684",13%,"6,501",,"8,253",27%,26%,26%,--,"1,200","1,292",8%,110,108,-2%,246,227,-8%,"57,198","63,237",11%,"28,729","31,965",11%,87%,89%,--,44%,45%,--,42.9,45.8,7%,"33,250","37,559",13%,"23,914","25,202",5%,"3,773","3,865",2%,"1,897","1,985",5%,"65,458","71,331",9%,"6,903","5,647",-18%,"2,850","2,488",-13%,9.5%,7.3%,--,down,19%,15%,--,"46,145","55,417",20%,"25,628","23,651",-8%,"12,223","12,714",4%,"9,569","10,822",13%,17,"$62,333","141,372","154,996",10%,"35,964","37,560",4%,"93,565","102,604",10%,"11,843","14,832",25%,"63,848","70,296",10%,"77,524","84,700",9%,"28,853","27,679",-4%,"11,973","9,132",-24%,"56,963","64,747",14%,"33,138","41,175",24%
Howard Beach & Ozone Park,QN10,256,363,42%,40,33,-18%,86,92,7%,440,497,13%,13,15,15%,247,249,1%,17,21,24%,68,71,4%,24,25,4%,94,106,13%,119,120,1%,65,61,-6%,12,10,-17%,12,13,8%,97,104,7%,23,34,48%,214,226,6%,20,30,50%,0,2,N/A,257,289,12%,8,9,13%,216,244,13%,"2,226","2,537",14%,up,"15,718","19,705",25%,"5,626",,"7,401",32%,19%,21%,--,765,819,7%,96,76,-21%,296,304,3%,"47,819","52,905",11%,"25,127","27,385",9%,86%,86%,--,45%,45%,--,43.4,47.0,8%,"23,659","26,293",11%,"26,887","29,706",10%,"1,418","1,829",29%,"1,295","1,228",-5%,"55,367","61,238",11%,"5,416","6,950",28%,"2,649","2,535",-4%,8.9%,10.2%,--,up,20%,18%,--,"40,230","47,717",19%,"21,531","20,234",-6%,"11,000","12,984",18%,"8,620","9,781",13%,14,"$65,373","126,736","137,138",8%,"30,769","30,805",0%,"81,381","90,716",11%,"14,586","15,617",7%,"64,186","70,998",11%,"62,550","66,140",6%,"34,136","29,800",-13%,"20,454","20,832",2%,"30,530","35,233",15%,"23,603","29,287",24%
"Bayside, Douglaston & Little Neck",QN11,266,258,-3%,28,25,-11%,186,186,0%,237,281,19%,8,10,25%,60,69,15%,22,25,14%,83,99,19%,30,31,3%,168,205,22%,208,261,25%,87,104,20%,37,49,32%,33,38,15%,84,104,24%,60,83,38%,274,310,13%,19,23,21%,1,1,0%,222,247,11%,5,4,-20%,209,232,11%,"2,201","2,488",13%,up,"36,400","39,126",7%,"5,711",,"7,387",29%,43%,44%,--,313,368,18%,146,131,-10%,280,258,-8%,"43,097","43,851",2%,"22,838","23,921",5%,78%,79%,--,41%,43%,--,40.0,43.0,8%,"16,172","17,034",5%,"34,249","32,620",-5%,"1,871","1,546",-17%,"1,442","1,978",37%,"55,583","55,204",-1%,"3,246","3,478",7%,721,661,-8%,5.5%,5.9%,--,up,8%,9%,--,"28,877","32,296",12%,"15,829","15,551",-2%,"13,711","12,272",-10%,"16,966","16,056",-5%,9,"$78,520","116,273","119,899",3%,"23,505","23,929",2%,"75,383","76,175",1%,"17,385","19,795",14%,"66,965","66,586",-1%,"49,308","53,313",8%,"56,329","49,418",-12%,"2,052","2,036",-1%,"12,916","14,145",10%,"42,908","51,250",19%
"Jamaica, Hollis & St. Albans",QN12,196,270,38%,76,67,-12%,138,159,15%,452,541,20%,14,18,29%,474,435,-8%,25,25,0%,78,67,-14%,26,24,-8%,133,154,16%,118,153,30%,60,71,18%,14,17,21%,15,23,53%,83,83,0%,28,30,7%,322,387,20%,10,15,50%,3,5,67%,255,302,18%,18,19,6%,220,261,19%,"2,774","3,099",12%,up,"25,364","33,108",31%,"12,023",,"13,971",16%,18%,21%,--,"1,237","1,370",11%,170,137,-19%,574,548,-5%,"75,323","88,383",17%,"40,322","48,958",21%,80%,83%,--,43%,46%,--,47.2,48.5,3%,"44,072","51,729",17%,"39,369","45,215",15%,"3,462","4,055",17%,"1,396","2,145",54%,"93,742","106,615",14%,"11,848","13,941",18%,"4,543","4,958",9%,11.2%,11.6%,--,up,21%,21%,--,"64,083","80,732",26%,"40,342","41,787",4%,"19,091","18,557",-3%,"11,341","12,638",11%,25,"$55,203","214,296","239,835",12%,"56,404","59,309",5%,"134,857","153,714",14%,"23,035","26,812",16%,"126,049","134,239",6%,"88,247","105,596",20%,"3,550","4,011",13%,"142,035","148,776",5%,"33,801","40,599",20%,"23,183","27,856",20%
"Queens Village, Cambria Heights & Rosedale",QN13,213,273,28%,32,26,-19%,63,67,6%,357,380,6%,12,11,-8%,277,269,-3%,20,18,-10%,81,84,4%,24,25,4%,131,135,3%,131,179,37%,58,73,26%,17,20,18%,16,38,138%,71,89,25%,34,40,18%,282,319,13%,22,21,-5%,1,0,-100%,179,217,21%,3,4,33%,170,204,20%,"2,163","2,419",12%,up,"40,388","39,832",-1%,"12,671",,"13,408",6%,30%,28%,--,598,645,8%,140,124,-11%,384,400,4%,"69,585","70,381",1%,"35,446","37,960",7%,73%,76%,--,37%,41%,--,45.1,47.3,5%,"30,813","32,683",6%,"56,135","53,460",-5%,"2,200","1,416",-36%,"2,274","2,113",-7%,"95,489","92,934",-3%,"7,576","7,988",5%,"2,511","3,125",24%,7.4%,7.9%,--,up,13%,16%,--,"49,076","58,320",19%,"38,075","33,233",-13%,"21,717","19,548",-10%,"19,276","18,957",-2%,10,"$78,303","199,625","200,951",1%,"47,352","42,046",-11%,"128,144","130,058",1%,"24,129","28,847",20%,"112,467","113,693",1%,"87,158","87,258",0%,"26,730","23,622",-12%,"115,208","112,853",-2%,"21,483","23,572",10%,"30,388","30,312",0%
"Far Rockaway, Breezy Point & Broad Channel",QN14,82,82,0%,11,9,-18%,34,40,18%,198,216,9%,11,15,36%,24,25,4%,9,14,56%,36,28,-22%,14,11,-21%,78,87,12%,67,68,1%,24,21,-13%,14,15,7%,6,9,50%,38,42,11%,24,21,-13%,233,235,1%,15,14,-7%,1,1,0%,109,130,19%,0,1,N/A,101,122,21%,"1,101","1,156",5%,up,"18,365","21,336",16%,"3,514",,"5,430",55%,26%,27%,--,182,202,11%,35,42,20%,191,167,-13%,"35,136","37,807",8%,"19,543","22,939",17%,84%,84%,--,47%,51%,--,45.8,48.8,6%,"16,672","16,946",2%,"18,715","22,654",21%,"3,799","3,057",-20%,"1,207","1,023",-15%,"41,914","45,271",8%,"3,947","5,208",32%,"1,948","1,794",-8%,8.6%,10.3%,--,up,18%,17%,--,"32,415","38,678",19%,"15,185","14,461",-5%,"8,571","8,323",-3%,"8,838","9,396",6%,30,"$49,451","111,245","121,762",9%,"31,910","34,881",9%,"65,009","70,858",9%,"14,326","16,023",12%,"79,914","85,898",7%,"31,331","35,864",14%,"41,719","42,675",2%,"43,026","43,236",0%,"23,552","28,665",22%,"1,304","4,883",274%
"Port Richmond, Stapleton & Mariners Harbor",SI01,300,351,17%,56,56,0%,104,100,-4%,388,459,18%,5,11,120%,78,86,10%,31,32,3%,104,87,-16%,37,39,5%,96,100,4%,256,241,-6%,132,123,-7%,26,29,12%,28,27,-4%,100,102,2%,43,32,-26%,420,417,-1%,28,32,14%,2,3,50%,240,270,13%,0,2,N/A,219,255,16%,"2,579","2,736",6%,up,"28,533","33,089",16%,"7,400",,"8,359",13%,26%,29%,--,864,915,6%,336,303,-10%,563,535,-5%,"64,535","64,733",0%,"35,826","36,544",2%,90%,93%,--,50%,53%,--,40.7,43.4,7%,"25,608","25,732",0%,"38,317","38,257",0%,"3,016","2,385",-21%,"1,830","1,604",-12%,"71,333","69,567",-2%,"5,052","4,800",-5%,"3,634","3,967",9%,6.6%,6.5%,--,down,20%,22%,--,"48,228","55,375",15%,"24,435","21,603",-12%,"15,845","14,532",-8%,"17,210","17,517",2%,19,"$60,746","169,257","172,412",2%,"45,957","44,202",-4%,"105,718","109,027",3%,"17,582","19,183",9%,"123,094","127,017",3%,"46,163","45,395",-2%,"71,289","65,685",-8%,"37,234","37,635",1%,"43,623","50,711",16%,"13,177","12,704",-4%
New Springville & South Beach,SI02,390,484,24%,48,47,-2%,153,170,11%,589,616,5%,15,15,0%,131,142,8%,47,57,21%,198,183,-8%,53,58,9%,144,160,11%,401,413,3%,186,201,8%,37,24,-35%,78,64,-18%,188,191,2%,81,80,-1%,535,580,8%,46,58,26%,3,5,67%,323,352,9%,9,5,-44%,294,325,11%,"3,701","3,997",8%,up,"27,829","29,905",7%,"5,946",,"7,373",24%,30%,31%,--,299,314,5%,284,279,-2%,478,473,-1%,"50,374","52,072",3%,"23,470","27,979",19%,89%,91%,--,42%,49%,--,40.8,42.8,5%,"17,662","16,521",-6%,"34,783","35,962",3%,"1,176","1,454",24%,"1,479","2,040",38%,"56,548","56,948",1%,"3,622","3,868",7%,"1,762","1,731",-2%,6.0%,6.4%,--,up,16%,15%,--,"35,227","37,825",7%,"18,898","18,304",-3%,"13,189","12,075",-8%,"17,810","16,300",-8%,11,"$74,942","134,340","135,261",1%,"30,933","30,083",-3%,"85,124","84,504",-1%,"18,283","20,674",13%,"97,740","96,481",-1%,"36,600","38,780",6%,"97,742","92,418",-5%,"4,433","5,121",16%,"16,119","18,436",14%,"14,782","16,952",15%
"Tottenville, Great Kills & Annadale",SI03,361,409,13%,30,32,7%,105,106,1%,270,320,19%,11,12,9%,87,90,3%,28,33,18%,93,99,6%,31,31,0%,63,72,14%,229,258,13%,77,78,1%,32,35,9%,44,47,7%,133,151,14%,49,52,6%,297,302,2%,34,49,44%,1,0,-100%,168,223,33%,1,1,0%,160,211,32%,"2,190","2,485",13%,up,"31,611","37,173",18%,"9,866",,"10,039",2%,29%,32%,--,267,260,-3%,176,184,5%,309,319,3%,"62,222","63,829",3%,"30,658","35,967",17%,88%,89%,--,43%,50%,--,44.6,45.5,2%,"16,903","17,041",1%,"50,848","51,237",1%,721,828,15%,"1,128","1,388",23%,"71,008","71,926",1%,"3,767","4,766",27%,"2,139","2,263",6%,5.0%,6.2%,--,up,17%,16%,--,"38,511","42,444",10%,"19,389","20,360",5%,"17,123","16,951",-1%,"27,664","24,561",-11%,7,"$86,978","159,795","165,642",4%,"39,710","37,233",-6%,"102,687","104,316",2%,"17,398","24,093",38%,"135,685","137,844",2%,"24,110","27,798",15%,"134,298","138,394",3%,"2,114","1,461",-31%,"15,635","16,082",3%,"6,809","7,805",15%
Boroughs,Community District,2010 Construction,2016 Construction,% Change Construction,2010 Manufacturing,2016 Manufacturing,% Change Manufacturing,2010 Wholesale Trade,2016 Wholesale Trade,% Change Wholesale Trade,2010 Retail Trade,2016 Retail Trade,% Change Retail Trade,2010 Supermarkets,2016 Supermarkets,% Change Supermarkets,"2010 Transportation, Warehousing","2016 Transportation, Warehousing","% Change Transportation, Warehousing",2010 Information,2016 Information,% Change Information,"2010 Finance, Insurance","2016 Finance, Insurance","% Change Finance, Insurance",2010 Retail Banks,2016 Retail Banks,% Change Retail Banks,"2010 Real Estate, Rental, Leasing","2016 Real Estate, Rental, Leasing","% Change Real Estate, Rental, Leasing","2010 Professional, Scientific, Technical","2016 Professional, Scientific, Technical","% Change Professional, Scientific, Technical",2010 Legal and Accounting,2016 Legal and Accounting,% Change Legal and Accounting,2010 Architecture and Design,2016 Architecture and Design,% Change Architecture and Design,2010 Computer Systems Design,2016 Computer Systems Design,% Change Computer Systems Design,"2010 Administrative, Waste Management","2016 Administrative, Waste Management","% Change Administrative, Waste Management",2010 Educational,2016 Educational,% Change Educational,"2010 Health Care, Social Assistance","2016 Health Care, Social Assistance","% Change Health Care, Social Assistance","2010 Arts, Entertainment, Recreation","2016 Arts, Entertainment, Recreation","% Change Arts, Entertainment, Recreation",2010 Performing Arts Companies,2016 Performing Arts Companies,% Change Performing Arts Companies,"2010 Accommodation, Food","2016 Accommodation, Food","% Change Accommodation, Food",2010 Hotels and Motels,2016 Hotels and Motels,% Change Hotels and Motels,2010 Food Services and Drinking Places,2016 Food Services and Drinking Places,% Change Food Services and Drinking Places,2010 Total Number of Businesses,2016 Total Number of Businesses,% Change Number of Businesses,Direction Number of Businesses,2010 Bachelor's Degree or Higher,2016 Bachelor's Degree or Higher,% Change Bachelor's Degree or Higher,2010 Associates Degree,,2016 Associates Degree,% Change Associates Degree,2010 Percentage of Population with Bachelor's or Higher,2016 Percentage of Population with Bachelor's or Higher,% Change Percentage of Population with Bachelor's or Higher,2010 Tax lots devoted to Mixed-Use Residential/Commercial,2018 Tax lots devoted to Mixed-Use Residential/Commercial,% Change Tax lots devoted to Mixed-Use Residential/Commercial,2010 Tax lots devoted to Office Buildings,2018 Tax lots devoted to Office Buildings,% Change Tax lots devoted to Office Buildings,2010 Tax lots devoted to Standalone Retail,2018 Tax lots devoted to Standalone Retail,% Change Tax lots devoted to Standalone Retail,2010 Work Inside NYC,2016 Work Inside NYC,% Change Work Inside NYC,2010 Work Inside Home Borough,2016 Work Inside Home Borough,% Change Work Inside Home Borough,2010 Percentage of Employed Working Inside NYC,2016 Percentage of Employed Working Inside NYC,% Change Percentage of Employed Working Inside NYC,2010 Percentage of Employed Working Inside Home Borough,2016 Percentage of Employed Working Inside Home Borough,% Change Percentage of Employed Working Inside Home Borough,2010 Commute Time,2016 Commute Time,% Change Commute Time,2010 Commute via Public Transit,2016 Commute via Public Transit,% Change Commute via Public Transit,2010 Commute via Private Car or Taxi,2016 Commute via Private Car or Taxi,% Change Commute via Private Car or Taxi,2010 Commute via Walk or Bike,2016 Commute via Walk or Bike,% Change Commute via Walk or Bike,2010 Work at Home,2016 Work at Home,% Change Work at Home,2010 Employed,2016 Employed,% Change Employed,2010 Unemployed,2016 Unemployed,% Change Unemployed,"2010 Out of School, Work","2016 Out of School, Work","% Change Out of School, Work",2010 Unemployment Rate,2016 Unemployment Rate,% Change Unemployment Rate,Unemployment Direction,"2010 Percentage Out of School, Work","2016 Percentage Out of School, Work","Percentage Change Out of School, Work","2010 Individual Income $25,000 or less","2016 Individual Income $25,000 or less","% Change Individual Income $25,000 or less","2010 Individual Income $25,001 - $50,000","2016 Individual Income $25,001 - $50,000","% Change Individual Income $25,001 - $50,000","2010 Individual Income $50,001 - $75,000","2016 Individual Income $50,001 - $75,000","% Change Individual Income $50,001 - $75,000","2010 Individual Income $75,001+","2016 Individual Income $75,001+","% Change Individual Income $75,001+",2016 Median Household Income Neighborhood Rank,2016 Median Household Income,2010 Total Population,2016 Total Population,% Change Total Population,2010 Youth,2016 Youth,% Change Youth,2010 Working Age Population,2016 Working Age Population,% Change Working Age Population,2010 Seniors,2016 Seniors,% Change Seniors,2010 Born inside the United States,2016 Born inside the United States,% Change Born inside the United States,2010 Born outside of the United States,2016 Born outside of the United States,% Change Born outside of the United States,2010 White,2016 White,% Change White,2010 Black,2016 Black,% Change Black,2010 Hispanic,2016 Hispanic,% Change Hispanic,2010 Asian,2016 Asian,% Change Asian
Bronx,Bronx,"1,011","1,211",20%,357,321,-10%,690,718,4%,"3,699","4,148",12%,115,158,37%,361,435,20%,185,234,26%,458,506,10%,145,155,7%,"2,163","2,213",2%,646,736,14%,385,440,14%,60,66,10%,47,46,-2%,428,476,11%,268,303,13%,"2,102","2,409",15%,137,140,2%,13,10,-23%,"1,715","1,910",11%,25,33,32%,"1,601","1,785",11%,"16,307","17,999",10%,up,"146,664","167,520",14%,"55,216",,"63,074",14%,17%,18%,--,"3,713","4,047",9%,547,560,2%,"2,507","2,270",-9%,"442,871","483,211",9%,"216,716","229,827",6%,85%,87%,--,42%,41%,--,42.0,43.8,4%,"288,606","328,369",14%,"157,536","150,141",-5%,"37,149","41,242",11%,"14,865","17,087",15%,"512,477","574,972",12%,"69,810","43,950",-37%,"41,516","40,681",-2%,12.0%,7.1%,--,down,27%,25%,--,"495,637","566,745",14%,"201,577","191,589",-5%,"86,071","83,590",-3%,"54,419","57,372",5%,,"$37,525","1,365,840","1,437,462",5%,"397,110","388,296",-2%,"837,704","899,296",7%,"131,026","149,870",14%,"800,032","827,208",3%,"565,808","610,254",8%,"155,713","138,245",-11%,"418,688","424,945",1%,"719,660","796,408",11%,"48,345","51,723",7%
Brooklyn,Brooklyn,"3,516","4,306",22%,"1,773","1,754",-1%,"3,482","3,669",5%,"9,260","10,725",16%,213,300,41%,"1,333","1,709",28%,692,"1,163",68%,"1,315","1,497",14%,373,398,7%,"4,139","4,870",18%,"3,928","5,254",34%,"1,363","1,608",18%,578,943,63%,673,867,29%,"1,393","1,696",22%,808,"1,093",35%,"6,166","6,620",7%,608,"1,080",78%,68,132,94%,"4,348","5,770",33%,42,72,71%,"4,096","5,432",33%,"48,120","57,536",20%,up,"464,935","598,538",29%,"100,706",,"106,804",6%,29%,34%,--,"21,859","23,789",9%,"1,618","1,677",4%,"5,144","3,911",-24%,"982,532","1,078,417",10%,"515,795","556,540",8%,93%,94%,--,49%,48%,--,41.6,42.0,1%,"620,583","696,587",12%,"262,455","259,519",-1%,"98,558","115,437",17%,"39,800","46,176",16%,"1,047,981","1,172,174",12%,"115,521","65,792",-43%,"55,501","49,567",-11%,9.9%,5.3%,--,down,22%,20%,--,"803,212","870,209",8%,"383,977","368,996",-4%,"195,945","205,612",5%,"187,315","232,420",24%,,"$55,150","2,466,961","2,606,877",6%,"630,910","638,314",1%,"1,570,449","1,677,237",7%,"265,602","291,326",10%,"1,451,368","1,541,400",6%,"1,015,593","1,065,477",5%,"878,817","933,792",6%,"808,003","807,288",0%,"487,336","506,111",4%,"251,144","302,999",21%
Manhattan,Manhattan,"1,911","2,024",6%,"2,214","1,821",-18%,"9,026","7,895",-13%,"11,627","11,295",-3%,261,293,12%,797,757,-5%,"4,301","4,475",4%,"7,896","7,131",-10%,"1,058","1,013",-4%,"9,539","9,711",2%,"17,229","17,788",3%,"5,264","5,336",1%,"3,346","3,330",0%,"2,094","2,286",9%,"4,461","4,399",-1%,"1,503","1,747",16%,"8,016","8,265",3%,"4,190","4,641",11%,854,854,0%,"9,203","10,173",11%,368,453,23%,"8,014","8,946",12%,"103,496","104,796",1%,up,"666,327","748,412",12%,"41,310",,"49,159",19%,57%,60%,--,"10,186","11,720",15%,"2,138","2,374",11%,"2,420","1,235",-49%,"729,888","775,556",6%,"661,535","699,683",6%,91%,92%,--,82%,83%,--,30.2,31.5,4%,"463,310","498,181",8%,"95,850","84,584",-12%,"174,973","185,225",6%,"46,439","54,029",16%,"805,555","889,769",10%,"75,649","42,355",-44%,"23,881","21,461",-10%,8.6%,4.5%,--,down,14%,14%,--,"448,840","461,827",3%,"196,888","186,054",-6%,"146,923","150,231",2%,"336,606","361,619",7%,,"$77,559","1,583,265","1,634,903",3%,"261,407","257,384",-2%,"1,129,257","1,159,731",3%,"192,601","217,788",13%,"1,071,249","1,104,268",3%,"512,016","530,635",4%,"756,774","770,182",2%,"209,114","204,916",-2%,"406,109","423,444",4%,"176,864","192,363",9%
Queens,Queens,"4,842","5,767",19%,"1,340","1,239",-8%,"2,995","3,172",6%,"7,099","7,973",12%,210,261,24%,"2,154","2,349",9%,493,572,16%,"1,509","1,508",0%,492,480,-2%,"2,785","3,130",12%,"2,968","3,734",26%,"1,289","1,585",23%,409,529,29%,479,588,23%,"1,521","1,823",20%,617,776,26%,"4,881","5,432",11%,424,534,26%,39,41,5%,"4,274","5,259",23%,94,109,16%,"3,933","4,842",23%,"43,236","49,509",15%,up,"446,765","499,494",12%,"111,704",,"127,067",14%,29%,31%,--,"11,172","12,503",12%,"1,730","1,585",-8%,"4,956","4,474",-10%,"872,059","930,634",7%,"410,143","442,713",8%,85%,87%,--,40%,41%,--,42.2,43.1,2%,"509,049","544,095",7%,"396,343","404,086",2%,"56,654","65,565",16%,"23,960","25,236",5%,"1,011,049","1,127,490",12%,"95,412","53,430",-44%,"33,417","32,649",-2%,8.6%,4.5%,--,down,16%,16%,--,"686,485","772,926",13%,"373,729","353,908",-5%,"206,507","200,614",-3%,"183,026","194,949",7%,,"$62,207","2,199,038","2,310,716",5%,"486,835","496,361",2%,"1,449,747","1,522,397",5%,"262,456","291,958",11%,"1,093,348","1,157,314",6%,"1,105,690","1,153,402",4%,"627,890","592,724",-6%,"396,552","400,027",1%,"594,413","647,207",9%,"505,562","569,231",13%
Staten Island,Staten Island,"1,051","1,244",18%,134,135,1%,362,376,4%,"1,247","1,395",12%,31,38,23%,296,318,7%,106,122,15%,395,369,-7%,121,128,6%,303,332,10%,886,912,3%,395,402,2%,95,88,-7%,150,138,-8%,421,444,5%,173,164,-5%,"1,252","1,299",4%,108,139,29%,6,8,33%,731,845,16%,10,8,-20%,673,791,18%,"8,470","9,218",9%,up,"87,973","100,167",14%,"23,212",,"25,771",11%,28%,31%,--,"1,430","1,489",4%,796,766,-4%,"1,350","1,327",-2%,"177,131","180,634",2%,"89,954","100,490",12%,89%,91%,--,45%,51%,--,42.1,44.0,4%,"60,173","59,294",-1%,"123,948","125,456",1%,"4,913","4,667",-5%,"4,437","5,032",13%,"196,490","213,322",9%,"20,460","11,747",-43%,"7,535","7,961",6%,9.4%,5.2%,--,down,18%,18%,--,"121,966","135,644",11%,"62,722","60,267",-4%,"46,157","43,558",-6%,"62,684","58,378",-7%,,"$77,197","463,392","473,315",2%,"116,600","111,518",-4%,"293,529","297,847",1%,"53,263","63,950",20%,"356,519","361,342",1%,"106,873","111,973",5%,"303,329","296,497",-2%,"43,781","44,217",1%,"75,377","85,229",13%,"34,768","37,461",8%
New York City,New York City,"12,331","14,552",18%,"5,818","5,270",-9%,"16,555","15,830",-4%,"32,932","35,536",8%,830,"1,050",27%,"4,941","5,568",13%,"5,777","6,566",14%,"11,573","11,011",-5%,"2,189","2,174",-1%,"18,929","20,256",7%,"25,657","28,424",11%,"8,696","9,371",8%,"4,488","4,956",10%,"3,443","3,925",14%,"8,224","8,838",7%,"3,369","4,083",21%,"22,417","24,025",7%,"5,467","6,534",20%,980,"1,045",7%,"20,271","23,957",18%,539,675,25%,"18,317","21,796",19%,"219,629","239,058",9%,up,"1,812,664","2,114,131",17%,"332,148",,"371,875",12%,33%,36%,--,"48,360","53,548",11%,"6,829","6,962",2%,"16,377","13,217",-19%,"3,204,481","3,448,452",8%,"1,894,143","2,029,253",7%,89%,90%,--,53%,53%,--,39.4,40.4,3%,"1,941,721","2,126,526",10%,"1,036,132","1,023,786",-1%,"372,247","412,136",11%,"129,501","147,560",14%,"3,573,552","3,977,727",11%,"376,852","217,274",-42%,"161,850","152,319",-6%,9.5%,5.2%,--,down,19%,19%,--,"2,556,140","2,807,351",10%,"1,218,893","1,160,814",-5%,"681,603","683,605",0%,"824,050","904,738",10%,,"58,856","8,078,496","8,463,273",5%,"1,892,862","1,891,873",0%,"5,280,686","5,556,508",5%,"904,948","1,014,892",12%,"4,772,516","4,991,532",5%,"3,305,980","3,471,741",5%,"2,722,523","2,731,440",0%,"1,876,138","1,881,393",0%,"2,282,895","2,458,399",8%,"1,016,683","1,153,777",13%